변호사이름,프로필링크
서동민,https://kin.naver.com//profile/index.naver?u=az9GaUwMSdvq1LHyaTTg0tL7QX%2FHlOX3TUKF3tAy2xg%3D
김광웅,https://kin.naver.com//profile/index.naver?u=o8vS8mruOuNl00sOdTpwLAZX34LSWpT6MB%2BwLm3h8jQ%3D
권광중,https://kin.naver.com//profile/index.naver?u=65Nch8PV7sL%2FGjMn0L8YNbF3QxITIE4cFZ%2BRRP7S1aI%3D
이재호,https://kin.naver.com//profile/index.naver?u=7aEm4AYuKBenQAT8pZDwykJ28Acl0yI%2BWTn%2FbbQMlr0%3D
박준상,https://kin.naver.com//profile/index.naver?u=cmhpqSOaub8JUQApVl9xd%2FZ5ZxhFparjzpecQKDVSNY%3D
김낙의,https://kin.naver.com//profile/index.naver?u=w4qHAUcPjjN42pElYiXJMssmcfAN9MsNuUX9lAGHeD0%3D
김민기,https://kin.naver.com//profile/index.naver?u=pkFg3jOGlqKsuj8xhjiynSwwdufwiACP%2FwX17yKLJg8%3D
송명호,https://kin.naver.com//profile/index.naver?u=dHzxuCavu8ienakzxCrEdG9FOUDPn0E7cdJxCHNVSkE%3D
장종현,https://kin.naver.com//profile/index.naver?u=ZOyoKXXwJit%2BzpbT6ISNHWmVYZw8C1dIyk%2Fx9d0x6OQ%3D
유성권,https://kin.naver.com//profile/index.naver?u=vWlXGDBdOqyyM9ZZj5apMuUJWtcX5NndIARjqyYdUY0%3D
이종걸,https://kin.naver.com//profile/index.naver?u=YtCXOhk9ZHnFF%2BdQ1QbC6CBqCVDPBff3XAaGxicyr3Y%3D
김호제,https://kin.naver.com//profile/index.naver?u=m%2BssEnLiDz%2FaXEoGRliZ97Jk9Cn%2B8mVBCU7XrQBJkSA%3D
이종윤,https://kin.naver.com//profile/index.naver?u=cZ73OOnkHD4QIIuOjGk%2FUanSrJh3I4V6zRhQ9eMbS1Y%3D
김은철,https://kin.naver.com//profile/index.naver?u=8MhFLnmXWeeiBbo22EK5mfn48mvd83Bc%2BdWKNHmKWn4%3D
최성민,https://kin.naver.com//profile/index.naver?u=R0w%2B5jeNmZMeNKvnMWGnNeqHSidj0Jq%2Bm5jcZjZ5tP4%3D
김경태,https://kin.naver.com//profile/index.naver?u=gMJEDYrGp5%2Fros%2Bp%2BV5B%2BQITc8IZLIcHAHXnjcHDuiI%3D
장지현,https://kin.naver.com//profile/index.naver?u=AjTYrLpR%2F85hM5dl7JcuVSW6KkGwlekUmw1lzEfIq4M%3D
권용덕,https://kin.naver.com//profile/index.naver?u=MOGrF0CJ5LDhhtBxpVpWUplYSiB9eMJ5l%2F%2BKuUIgtRI%3D
이승현,https://kin.naver.com//profile/index.naver?u=QCkZ27duolVder7dlVZ3yYnnufMtByObuAtVd2i08eQ%3D
안영림,https://kin.naver.com//profile/index.naver?u=i4jbKL2aL2Riv59wIcfrZvRxsh68R8NYbXahwiYcKU4%3D
백지현,https://kin.naver.com//profile/index.naver?u=jQO95vjiu2bLONCawd3QEEakELrW4UTLIf8aa9q0N8I%3D
엄정숙,https://kin.naver.com//profile/index.naver?u=vQNDvbk%2BayZBRiCw60JlDMc9I4iuOynMSBTvknfJDg8%3D
김순혁,https://kin.naver.com//profile/index.naver?u=uS%2FDezWIJlXkdkJUOU8wzrXu4zvyfuP%2FV1%2FJNerWOgw%3D
박윤경,https://kin.naver.com//profile/index.naver?u=qiXaU%2FzSO1GTlPKPmef8BlOhozjptg9pe4idgG2Ys64%3D
권형필,https://kin.naver.com//profile/index.naver?u=3AbTG1Y2Txg5XfFs2XWBSDVxxtJOCQpIYZh46s%2FwdWs%3D
임민순,https://kin.naver.com//profile/index.naver?u=6i%2Bflj%2Birjjgs%2BWW3VB%2FxeQiymhPJX8TJvhpceS5kGY%3D
정종욱,https://kin.naver.com//profile/index.naver?u=q%2Bm2vKreXCO8G%2Fi2jrJkGrkmtT%2BSyZhyyZ8saMnQ3G4%3D
정재환,https://kin.naver.com//profile/index.naver?u=iyfKSAuI5xMi6EHn8fg2OkaLb8JNVTm33Pc%2BPSPtrWM%3D
김병석,https://kin.naver.com//profile/index.naver?u=O5Fl0T3o0QmIIJImCJ6PS3Hy%2BoIGqD0J19H9dJO869k%3D
윤상호,https://kin.naver.com//profile/index.naver?u=AkirOSWcRNsGE%2BRho%2FPzVmpIND9GUkT7Dh7Byxr5BNs%3D
황윤규,https://kin.naver.com//profile/index.naver?u=9jOmFcCrCDqMmbDLu6XVbziQ0fNP8D4uJ1wug6p3F9I%3D
김도윤,https://kin.naver.com//profile/index.naver?u=%2BndH5GBI47%2BPE8rhVlSubRjGvqVLRhSrouLTOFwKQ%2FU%3D
김지진,https://kin.naver.com//profile/index.naver?u=a%2B9nsi8b7DQx0LQ4A1EofA8azPRdZsDGh6pbxvJSvFI%3D
하영삼,https://kin.naver.com//profile/index.naver?u=to%2BmXGnQPWL2BTRKupYIpwkDhn9ken9tdcTz7xGn7tw%3D
서동근,https://kin.naver.com//profile/index.naver?u=PIS6k1H7zk28iAVo8uGrQPPCWOnoRaEqN2gH6ILcbVg%3D
이보라,https://kin.naver.com//profile/index.naver?u=egsiNS3K7vozBSbVA4W0dhZkPp6NGEso6RinTixPoD8%3D
로톡,https://kin.naver.com//profile/index.naver?u=tcfku6tXMrcxQnrwS76xH9Ah3dktl9hZWwUWAIz3Zlg%3D
김부조,https://kin.naver.com//profile/index.naver?u=GFCMWbxWgV4L%2B1u4zTgtOLJ7iAXxfQgehFLRCxhYAV4%3D
고민수,https://kin.naver.com//profile/index.naver?u=CwSsAYi6nGuPrQ8%2B1S3MS98y7nz4SJOMojk62dexErQ%3D
박세우,https://kin.naver.com//profile/index.naver?u=0xuLxsx3mA2H%2BTO3JRx%2B6uWkrn5bcc4XNbCUyGSs2Dw%3D
최두영,https://kin.naver.com//profile/index.naver?u=D%2BzKcXuS0dqW3IFMeDmGgE5vSWFswcQJCVMLkr42G50%3D
김기윤,https://kin.naver.com//profile/index.naver?u=6B120yWZfO2HiJsEHM9dPceClrvBKQ%2Bn%2BEuU2LUA6sU%3D
임성환,https://kin.naver.com//profile/index.naver?u=sKkz5xlymnR1qgPIaOLQmIz2po62pNBJnDDSC3t7Mes%3D
박재성,https://kin.naver.com//profile/index.naver?u=SbT2p9Ppk9cNV%2FZVxO77eQmi4l6DvTV0la%2FRK3scqco%3D
송재성,https://kin.naver.com//profile/index.naver?u=F6RvWRb4r9oZCD7kAwHUrb9N8drLOJ%2Ft2%2BrqN%2BYjZ9Y%3D
이상철,https://kin.naver.com//profile/index.naver?u=ewSnPbHuhEmbLvETJQjwdrISC862scGIanzblSuO%2ByQ%3D
이금호,https://kin.naver.com//profile/index.naver?u=i393aJHJsbwkgy0hqxaeTMfNELqXMMP%2BiMtA1hgKhFc%3D
김현성,https://kin.naver.com//profile/index.naver?u=%2F75tAOQAd8c78VwL1qCvuhKv0jif%2BGkMm7zBBAaW0uk%3D
정진,https://kin.naver.com//profile/index.naver?u=n8j9Bk%2FC8j3gDaMvAiwyuZT5GkJCvkwtSW1nUQW92mw%3D
안진호,https://kin.naver.com//profile/index.naver?u=WH%2BOk0%2FshIemvKKo8XajMZfUC1qyR7jpJg7xFTpjs1c%3D
이동영,https://kin.naver.com//profile/index.naver?u=NmjkAj6w0Nc5qQWpmZZRA%2Bx%2BDjqVOHACFdJVWhlIWrY%3D
선동원,https://kin.naver.com//profile/index.naver?u=A%2FvUOML6VqpbYMhzPqFNWBv9Fj0NoWl2ZsvoXZv2Ge8%3D
장유진,https://kin.naver.com//profile/index.naver?u=GPpapai8AQ%2BsgWUw0khzGs1XycZvfL7lZrWET7w%2F4KI%3D
이수학,https://kin.naver.com//profile/index.naver?u=5us%2FUkWYLYIIReQxDzzeGcTHpY4ApNwKdIDc2d6gq08%3D
신정현,https://kin.naver.com//profile/index.naver?u=vq8joaLMp2tQRi0gLfOxBUp%2BKjk5DzTqaIjfv%2FJr3OA%3D
박재천,https://kin.naver.com//profile/index.naver?u=aYm8Q6neQzaknIFZekHYfnQ9pbeC8xMeyIKb4noP3qU%3D
김치현,https://kin.naver.com//profile/index.naver?u=QGbrAhuqyw3%2Bcv%2FcjIfNo0SZazoBemI8mVdC27PwP5Y%3D
조기현,https://kin.naver.com//profile/index.naver?u=eoGqDIQw1xs%2FiX5WIaWrJfwCkjHEL1Q%2BcMZjoVm2Ay0%3D
김연준,https://kin.naver.com//profile/index.naver?u=6P8f1hlcc0XHZNLLnX2TjWl%2B7Q5u2lM90c6MFB8zG7s%3D
김희선,https://kin.naver.com//profile/index.naver?u=s%2B3TjtXS5IuwBKG%2BEx6HxqX8aEAURgXPzj5jeyCgaBI%3D
이승우,https://kin.naver.com//profile/index.naver?u=tOvEsC0eg4XeQiRGXcAQuwCS17hLIuHvP5YK%2F2iTGtc%3D
박정환,https://kin.naver.com//profile/index.naver?u=3z16vx9yx2qsP5gKEKhXFX6tkKAMoulFG2amwh7eQYg%3D
김성민,https://kin.naver.com//profile/index.naver?u=cDDsJYFkANRHl0VXgfO9%2B66QPwsmntskIdQKrtwX9QI%3D
이성찬,https://kin.naver.com//profile/index.naver?u=ZCVyXNa9Xsz1jsSFjAQn9HUF%2FQrvKV%2Bx30h6R3%2FMHSc%3D
이종필,https://kin.naver.com//profile/index.naver?u=3u%2BeHQTTqF8JjONRP5IUxaxt7ejxxLaAQJiau0seHrk%3D
김호일,https://kin.naver.com//profile/index.naver?u=bBJmP1j1LrGHqwB0RIISkE3gBdX8Uq68yENocML0gO4%3D
박세원,https://kin.naver.com//profile/index.naver?u=Zyw%2BquQEku3eGuPy2lnOBvnyyZ6fDQjn5ifgwowv%2B3M%3D
임다훈,https://kin.naver.com//profile/index.naver?u=rbCYpUAUX1voO6WeO2M0QA5Q02D6sWvoBrdxB6f1czg%3D
허정,https://kin.naver.com//profile/index.naver?u=EAZXN7qZV76oma8kBwAjNj16c35bVYwIk7yvehqQP0M%3D
김상철,https://kin.naver.com//profile/index.naver?u=tRppktmWm6mUfXaTcPPe%2FnymHD7Dx3wdYRcO26HSRZ8%3D
박영규,https://kin.naver.com//profile/index.naver?u=z4u2kGgMPolLKF3J7h9PzQbPueF6PiwlHHBAQFdPqgU%3D
전재욱,https://kin.naver.com//profile/index.naver?u=jojvXND%2FIVwJBPvVvnCWyBkXDfA5qKZaZaeVurjCGbk%3D
박진세,https://kin.naver.com//profile/index.naver?u=dIQr%2FP7XeZPGoh7VgZOjXVVcbocwDlhmPuX4MJZQqRI%3D
권희영,https://kin.naver.com//profile/index.naver?u=eSWjvzbacBTjs13KIDbhkVTZ48hCpzGznu5ZkvuLAg4%3D
안지성,https://kin.naver.com//profile/index.naver?u=iMolWC2qOcvFkebfOFFlSTzmAdi9n4YDfG9OxHjreto%3D
김도훈,https://kin.naver.com//profile/index.naver?u=DLpSgiNq316GAJlXYu8aU0PgtqF97Me3IuvSClgpX3Y%3D
이도형,https://kin.naver.com//profile/index.naver?u=zncbYUqvbWHTUC05A913HF28L7uK5FJVWRZb2DMVWdc%3D
